id,name,genres
3AA28KZvwAUcZuOKwyblJQ,Gorillaz,"['alternative hip hop', 'modern rock', 'rock']"
0L8ExT028jH3ddEcZwqJJ5,Red Hot Chili Peppers,"['alternative rock', 'funk metal', 'funk rock', 'permanent wave', 'rock']"
3q7HBObVc0L8jNeTe5Gofh,50 Cent,"['east coast hip hop', 'gangster rap', 'hip hop', 'pop rap', 'queens hip hop', 'rap']"
2ye2Wgw4gimLv2eAKyk1NB,Metallica,"['hard rock', 'metal', 'old school thrash', 'rock', 'thrash metal']"
4gzpq5DPGxSnKTe4SA8HAU,Coldplay,"['permanent wave', 'pop']"
4tZwfgrHOc3mvqYlEYSvVi,Daft Punk,"['electro', 'filter house', 'rock']"
6XyY86QOPPrYVGvF9ch6wz,Linkin Park,"['alternative metal', 'nu metal', 'post-grunge', 'rap metal', 'rock']"
4Z8W4fKeB5YxbusRsdQVPb,Radiohead,"['alternative rock', 'art rock', 'melancholia', 'oxford indie', 'permanent wave', 'rock']"
711MCceyCBcFnzjGY4Q7Un,AC/DC,"['australian rock', 'hard rock', 'rock']"
1yxSLGMDHlW21z4YXirZDS,Black Eyed Peas,"['dance pop', 'pop', 'pop rap']"
3fMbdgg4jU18AjLCKBhRSm,Michael Jackson,"['r&b', 'soul']"
1KCSPY1glIKqW2TotWuXOR,P!nk,"['dance pop', 'pop']"
7dGJo4pcD2V6oG8kP0tJRR,Eminem,"['detroit hip hop', 'hip hop', 'rap']"
2RdwBSPQiwcmiDo9kixcl8,Pharrell Williams,"['dance pop', 'pop']"
6LuN9FCkKOj5PcnpouEgny,Khalid,"['pop', 'pop r&b']"
0EmeFodog0BfCgMzAIvKQp,Shakira,"['colombian pop', 'dance pop', 'latin pop', 'pop']"
6TIYQ3jFPwQSRmorSezPxX,mgk,"['ohio hip hop', 'pop rap']"
1SupJlEpv7RS2tPNRaHViT,Nicky Jam,"['latin hip hop', 'reggaeton', 'trap latino', 'urbano latino']"
3WrFJ7ztbogyGnTHbHJFl2,The Beatles,"['british invasion', 'classic rock', 'merseybeat', 'psychedelic rock', 'rock']"
0TnOYISbd1XYRBk9myaseg,Pitbull,"['dance pop', 'miami hip hop', 'pop']"
3Isy6kedDrgPYoTS1dazA9,Sean Paul,"['dance pop', 'dancehall', 'pop', 'pop rap']"
43ZHCT0cAZBISjO8DG9PnE,Elvis Presley,"['rock-and-roll', 'rockabilly']"
1ZwdS5xdxEREPySFridCfh,2Pac,"['g funk', 'gangster rap', 'hip hop', 'rap', 'west coast rap']"
7hJcb9fa4alzcOq3EaNPoG,Snoop Dogg,"['g funk', 'gangster rap', 'hip hop', 'pop rap', 'rap', 'west coast rap']"
55Aa2cqylxrFIXC767Z865,Lil Wayne,"['hip hop', 'new orleans rap', 'pop rap', 'rap', 'trap']"
5WUlDfRSoLAfcVSX1WnrxN,Sia,"['australian dance', 'australian pop', 'pop']"
08GQAI4eElDnROBrJRGE0X,Fleetwood Mac,"['album rock', 'classic rock', 'rock', 'soft rock', 'yacht rock']"
0LcJLqbBmaGUft1e9Mm8HV,ABBA,"['europop', 'swedish pop']"
1Mxqyy3pSjf8kZZL4QVxS0,Frank Sinatra,"['adult standards', 'easy listening', 'lounge']"
2o5jDhtHVPhrJdv3cEQ99Z,Tiësto,"['big room', 'brostep', 'dutch edm', 'edm', 'house', 'pop dance', 'slap house', 'trance']"
3PhoLpVuITZKcymswpck5b,Elton John,"['glam rock', 'mellow gold', 'piano rock', 'rock']"
3nFkdlSjzX9mRTtwJOzDYB,JAY-Z,"['east coast hip hop', 'gangster rap', 'hip hop', 'pop rap', 'rap']"
1URnnhqYAYcrqrcwql10ft,21 Savage,"['atl hip hop', 'hip hop', 'rap']"
5K4W6rqBFWDnAN6FQUkS6x,Kanye West,"['chicago rap', 'hip hop', 'rap']"
2nszmSgqreHSdJA3zWPyrW,Luis Miguel,"['bolero', 'latin pop']"
6vWDO969PvNqNYHIOW5v0m,Beyoncé,"['pop', 'r&b']"
4VMYDCV2IEDYJArk749S6m,Daddy Yankee,"['latin hip hop', 'reggaeton', 'trap latino', 'urbano latino']"
4Gso3d4CscCijv0lmajZWs,Don Toliver,"['pop rap', 'rap', 'trap']"
28gNT5KBp7IjEOQoevXf9N,Camilo,"['colombian pop', 'latin pop', 'latin viral pop', 'reggaeton colombiano']"
26dSoYclwsYLMAKD3tpOr4,Britney Spears,"['dance pop', 'pop']"
329e4yvIujISKGKz1BZZbO,Farruko,"['reggaeton', 'trap latino', 'urbano latino']"
1wZtkThiXbVNtj6hee6dz9,Wisin & Yandel,"['electro latino', 'reggaeton', 'trap latino', 'urbano latino']"
3xvaSlT4xsyk6lY1ESOspO,Disney,['movie tunes']
7bXgB6jMjp9ATFy66eO08Z,Chris Brown,"['r&b', 'rap']"
2jku7tDXc6XoB6MO2hFuqg,Tory Lanez,"['canadian hip hop', 'canadian trap', 'melodic rap', 'pop rap', 'r&b', 'rap', 'trap']"
4iHNK0tOyZPYnBU7nGAgpQ,Mariah Carey,"['dance pop', 'pop', 'urban contemporary']"
1mYsTxnqsietFxj1OgoGbG,A.R. Rahman,['filmi']
3meJIgRw7YleJrmbpbJK6S,Die drei ???,['hoerspiel']
1wRPtKGflJrBx9BmLsSwlU,Pritam,"['filmi', 'indian instrumental', 'modern bollywood']"
0oOet2f43PA68X5RxKobEy,Shreya Ghoshal,"['filmi', 'modern bollywood']"
0k17h0D3J5VfsdmQ1iZtE9,Pink Floyd,"['album rock', 'art rock', 'classic rock', 'progressive rock', 'psychedelic rock', 'rock', 'symphonic rock']"
5eAWCfyUhZtHHtBdNk56l1,System Of A Down,"['alternative metal', 'nu metal', 'rap metal', 'rock']"
7oPftvlwr6VrsViSDV7fJY,Green Day,"['modern rock', 'permanent wave', 'punk', 'rock']"
2uFUBdaVGtyMqckSeCl0Qj,Ludovico Einaudi,"['compositional ambient', 'neo-classical']"
12Chz98pHFMPJEknJQMWvI,Muse,"['alternative rock', 'modern rock', 'permanent wave', 'rock']"
7Ey4PD4MYsKc5I2dolUwbH,Aerosmith,"['album rock', 'classic rock', 'hard rock', 'rock']"
05fG473iIaoy82BF1aGhL8,Slipknot,"['alternative metal', 'nu metal', 'rap metal', 'rock']"
2DaxqgrOhkeH0fpeiQq2f4,Oasis,"['beatlesque', 'britpop', 'madchester', 'permanent wave', 'rock']"
22bE4uQ6baNwSHPVcDxLCe,The Rolling Stones,"['album rock', 'british invasion', 'classic rock', 'rock']"
0YC192cP3KPCRWx8zr8MfZ,Hans Zimmer,"['german soundtrack', 'orchestral soundtrack', 'soundtrack']"
6Ghvu1VvMGScGpOUJBAHNH,Deftones,"['alternative metal', 'nu metal', 'rap metal', 'rock', 'sacramento indie']"
6FBDaR13swtiWwGhX1WQsP,blink-182,"['alternative metal', 'modern rock', 'pop punk', 'punk', 'rock', 'socal pop punk']"
2QsynagSdAqZj3U9HgDzjD,Bob Marley & The Wailers,"['reggae', 'roots reggae']"
0oSGxfWSnnOXhD2fKuz2Gy,David Bowie,"['art rock', 'classic rock', 'glam rock', 'permanent wave', 'rock']"
58lV9VcRSjABbAbfWS6skp,Bon Jovi,"['glam metal', 'rock']"
6DPYiyq5kWVQS4RGwxzPC7,Dr. Dre,"['g funk', 'gangster rap', 'hip hop', 'rap', 'west coast rap']"
3IYUhFvPQItj6xySrBmZkd,Creedence Clearwater Revival,"['album rock', 'classic rock', 'country rock', 'rock', 'southern rock', 'swamp rock']"
51Blml2LZPmy7TTiAg47vQ,U2,"['irish rock', 'permanent wave', 'rock']"
1Oa0bMld0A3u5OTYfMzp5h,Nate Dogg,"['g funk', 'gangster rap', 'hardcore hip hop', 'hip hop', 'west coast rap']"
0UWZUmn7sybxMCqrw9tGa7,Juanes,"['colombian pop', 'latin pop', 'mexican pop', 'rock en espanol']"
7okwEbXzyT2VffBmyQBWLz,Maná,"['latin arena pop', 'latin pop', 'latin rock', 'mexican pop', 'mexican rock', 'rock en espanol']"
1LZEQNv7sE11VDY3SdxQeN,Bee Gees,"['disco', 'mellow gold', 'soft rock']"
6zFYqv1mOsgBRQbae3JJ9e,Billy Joel,"['album rock', 'classic rock', 'heartland rock', 'mellow gold', 'piano rock', 'rock', 'singer-songwriter', 'soft rock']"
5me0Irg2ANcsgc93uaYrpb,The Notorious B.I.G.,"['east coast hip hop', 'gangster rap', 'hardcore hip hop', 'hip hop', 'rap']"
7qG3b048QCHVRO5Pv1T5lw,Enrique Iglesias,"['dance pop', 'latin pop', 'mexican pop']"
5Y5TRrQiqgUO4S36tzjIRZ,Timbaland,"['dance pop', 'pop', 'pop rap']"
5sUrlPAHlS9NEirDB8SEbF,Alejandro Sanz,"['cantautor', 'latin arena pop', 'latin pop', 'mexican pop']"
6XpaIBNiVzIetEPCWDvAFP,Whitney Houston,"['dance pop', 'pop']"
6tbjWDEIzxoDsBA1FuhfPW,Madonna,"['dance pop', 'pop']"
3DiDSECUqqY1AuBP8qtaIa,Alicia Keys,"['neo soul', 'pop', 'r&b']"
0hEurMDQu99nJRq8pTxO14,John Mayer,"['neo mellow', 'singer-songwriter']"
1l7ZsJRRS8wlW3WfJfPfNS,Christina Aguilera,"['dance pop', 'pop']"
4wLXwxDeWQ8mtUIRPxGiD6,Marc Anthony,"['latin pop', 'modern salsa', 'salsa', 'tropical']"
0h1zs4CTlU9D2QtgPxptUD,Ricardo Arjona,"['cantautor', 'latin arena pop', 'latin pop']"
7guDJrEfX3qb6FEbdPA5qi,Stevie Wonder,"['motown', 'soul']"
3ipn9JLAPI5GUEo4y4jcoi,Ludacris,"['atl hip hop', 'dance pop', 'dirty south rap', 'hip hop', 'old school atlanta hip hop', 'pop rap', 'rap', 'southern hip hop', 'trap']"
2jSGzJw0ebJLu7OLVSOcBP,Plan B,"['reggaeton', 'trap latino', 'urbano latino']"
1qto4hHid1P71emI6Fd8xi,Aventura,"['bachata', 'bachata dominicana', 'latin hip hop', 'latin pop', 'tropical', 'urbano latino']"
23zg3TcAtWQy7J6upgbUnj,USHER,"['atl hip hop', 'contemporary r&b', 'dance pop', 'pop', 'r&b', 'rap', 'south carolina hip hop', 'urban contemporary']"
4PPoI9LuYeFX8V674Z1R6l,Vicente Fernández,"['mariachi', 'ranchera']"
6sq1yF0OZEWA4xoXVKW1L9,Alejandro Fernández,"['latin arena pop', 'latin pop', 'mariachi', 'mexican pop', 'musica mexicana', 'ranchera']"
3aQeKQSyrW4qWr35idm0cy,T-Pain,"['dance pop', 'gangster rap', 'hip hop', 'pop rap', 'r&b', 'rap', 'southern hip hop', 'trap', 'urban contemporary']"
5aIqB5nVVvmFsvSdExz408,Johann Sebastian Bach,"['baroque', 'classical', 'early music', 'german baroque']"
5ZS223C6JyBfXasXxrRqOk,Jhené Aiko,['r&b']
3gBKY0y3dFFVRqicLnVZYz,Alka Yagnik,"['filmi', 'hare krishna', 'modern bollywood']"
70B80Lwx2sxti0M1Ng9e8K,Udit Narayan,"['chutney', 'filmi', 'odia pop']"
6Mv8GjQa7LKUGCAqa9qqdb,Vishal-Shekhar,"['filmi', 'modern bollywood']"
2x8vG4f0HYXzMEo3xNsoiI,Bibi und Tina,"['hoerspiel', 'kindermusik', 'kleine hoerspiel']"
6AiX12wXdXFoGJ2vk8zBjy,Yuvan Shankar Raja,"['filmi', 'kollywood']"
3t2iKODSDyzoDJw7AsD99u,Bibi Blocksberg,"['hoerspiel', 'kindermusik']"
1w5Kfo2jwwIPruYS2UWh56,Pearl Jam,"['alternative metal', 'alternative rock', 'classic rock', 'grunge', 'permanent wave', 'rock']"
5LfGQac0EIXyAN8aUwmNAQ,The Offspring,"['alternative metal', 'permanent wave', 'post-grunge', 'punk', 'rock', 'skate punk', 'socal pop punk']"
6kACVPfCOnqzgfEF5ryl0x,Johnny Cash,"['arkansas country', 'outlaw country', 'rock']"
0ECwFtbIWEVNwjlrfc6xoL,Eagles,"['album rock', 'classic rock', 'heartland rock', 'mellow gold', 'rock', 'soft rock', 'yacht rock']"
3RNrq3jvMZxD9ZyoOZbQOD,Korn,"['alternative metal', 'funk metal', 'hard rock', 'nu metal', 'post-grunge', 'rap metal', 'rock']"
0SwO7SWeDHJijQ3XNS7xEE,MGMT,"['alternative rock', 'indie rock', 'indietronica', 'modern rock', 'rock']"
2pAWfrd7WFF3XhVt9GooDL,MF DOOM,"['alternative hip hop', 'east coast hip hop', 'hip hop', 'instrumental hip hop', 'rap']"
7bu3H8JO7d0UbMoVzbo70s,The Cure,"['new wave', 'permanent wave', 'rock', 'uk post-punk']"
3GBPw9NK25X1Wt2OUvOwY3,Jack Johnson,['neo mellow']
1G9G7WwrXka3Z1r7aIDjI7,Outkast,"['atl hip hop', 'dirty south rap', 'hip hop', 'old school atlanta hip hop', 'rap', 'southern hip hop']"
3Mcii5XWf6E0lrY3Uky4cA,Ice Cube,"['conscious hip hop', 'g funk', 'gangster rap', 'hip hop', 'rap', 'west coast rap']"
4lxfqrEsLX6N1N4OCSkILp,Phil Collins,"['rock drums', 'soft rock']"
3dRfiJ2650SZu6GbydcHNb,John Williams,"['orchestral soundtrack', 'soundtrack']"
7An4yvF7hDYDolN4m5zKBp,Soda Stereo,"['argentine rock', 'latin alternative', 'latin rock', 'post-punk argentina', 'rock en espanol', 'ska argentino']"
20qISvAhX20dpIbOOzGK3q,Nas,"['conscious hip hop', 'east coast hip hop', 'gangster rap', 'hardcore hip hop', 'hip hop', 'queens hip hop', 'rap']"
4V8Sr092TqfHkfAA5fXXqG,Luis Fonsi,"['latin pop', 'puerto rican pop']"
5rSXSAkZ67PYJSvpUpkOr7,Backstreet Boys,"['boy band', 'dance pop', 'pop']"
0ZCO8oVkMj897cKgFH7fRW,Los Ángeles Azules,"['gruperas inmortales', 'musica mexicana', 'nu-cumbia', 'ranchera', 'tropical']"
2qxJFvFYMEDqd7ui6kSAcq,Zedd,"['complextro', 'edm', 'german techno', 'pop', 'pop dance']"
7v4imS0moSyGdXyLgVTIV7,Nat King Cole,"['adult standards', 'lounge', 'soul', 'swing', 'vocal jazz']"
0SfsnGyD8FpIN4U4WCkBZ5,Armin van Buuren,"['dutch trance', 'edm', 'pop dance', 'progressive house', 'trance']"
5gCRApTajqwbnHHPbr2Fpi,Juicy J,"['crunk', 'memphis hip hop', 'pop rap', 'rap', 'southern hip hop', 'trap']"
2QWIScpFDNxmS6ZEMIUvgm,Julieta Venegas,"['cantautora mexicana', 'latin alternative', 'latin pop', 'latin rock', 'rock en espanol']"
3eqjTLE0HfPfh78zjh6TqT,Bruce Springsteen,"['heartland rock', 'mellow gold', 'permanent wave', 'rock', 'singer-songwriter']"
5lpH0xAS4fVfLkACg9DAuM,Wham!,"['new romantic', 'new wave pop', 'soft rock']"
4mN0qcMxWX8oToqfDPM5yV,José José,"['bolero', 'cancion melodica', 'ranchera']"
3hYtANQYrE6pd2PbtEyTIy,Los Tigres Del Norte,"['banda', 'musica mexicana', 'norteno', 'ranchera']"
3Z02hBLubJxuFJfhacLSDc,Bryan Adams,"['canadian pop', 'canadian singer-songwriter', 'classic canadian rock', 'heartland rock', 'mellow gold', 'soft rock']"
49e4v89VmlDcFCMyDv9wQ9,Dean Martin,"['adult standards', 'easy listening', 'lounge', 'vocal jazz']"
2jw70GZXlAI8QzWeY2bgRc,Nelly Furtado,"['canadian latin', 'canadian pop', 'dance pop', 'pop']"
7slfeZO9LsJbWgpkIoXBUJ,Ricky Martin,"['latin pop', 'mexican pop', 'puerto rican pop']"
2DlGxzQSjYe5N6G9nkYghR,Jennifer Lopez,"['dance pop', 'pop', 'urban contemporary']"
4Yttlv9ndGjCDCVLqM7ACq,Sido,"['german hip hop', 'german pop']"
4NJhFmfw43RLBLjQvxDuRS,Wolfgang Amadeus Mozart,"['classical', 'classical era']"
2MRBDr0crHWE5JwPceFncq,Juan Gabriel,"['cancion melodica', 'latin pop', 'mariachi', 'musica mexicana', 'ranchera']"
2gBjLmx6zQnFGQJCAQpRgw,Nelly,"['dance pop', 'gangster rap', 'hip hop', 'pop rap', 'rap', 'st louis rap', 'urban contemporary']"
7y97mc3bZRFXzT2szRM4L4,Frédéric Chopin,"['classical', 'early romantic era', 'polish classical']"
3tJnB0s6c3oXPq1SCCavnd,Marco Antonio Solís,"['grupera', 'latin pop', 'musica mexicana', 'ranchera']"
4S9EykWXhStSc15wEx8QFK,Céline Dion,['canadian pop']
4AVFqumd2ogHFlRbKIjp1t,Alesso,"['dance pop', 'edm', 'pop', 'pop dance', 'progressive electro house']"
7FsRH5bw8iWpSbMX1G7xf1,Joan Sebastian,"['banda', 'grupera', 'musica mexicana', 'norteno', 'ranchera']"
6ZjFtWeHP9XN7FeKSUe80S,Bing Crosby,"['adult standards', 'easy listening', 'lounge']"
2ae6PxICSOZHvjqiCcgon8,S. P. Balasubrahmanyam,['filmi']
1dVygo6tRFXC8CSWURQJq2,Sonu Nigam,"['filmi', 'modern bollywood']"
61JrslREXq98hurYL2hYoc,Lata Mangeshkar,"['classic bollywood', 'filmi', 'lata']"
5bSfBBCxY8QAk4Pifveisz,La Arrolladora Banda El Limón De Rene Camacho,"['banda', 'musica mexicana', 'norteno']"
4fEkbug6kZzzJ8eYX6Kbbp,KK,"['filmi', 'modern bollywood']"
0TeVa4xdLB8vdzjsvKH6Ri,Anahí,[]
1SJOL9HJ08YOn92lFcYf8a,Shankar Mahadevan,['filmi']
4K6blSRoklNdpw4mzLxwfn,Kumar Sanu,"['filmi', 'modern bollywood']"
6mdiAmATAx73kdxrNrnlao,Iron Maiden,"['alternative metal', 'hard rock', 'metal', 'nwobhm', 'rock']"
5M52tdBnJaKSvOpJGz8mfZ,Black Sabbath,"['album rock', 'alternative metal', 'birmingham metal', 'classic rock', 'hard rock', 'metal', 'rock', 'stoner rock', 'uk doom metal']"
19i93sA0D7yS9dYoVNBqAA,thasup,"['italian hip hop', 'italian pop', 'trap italiana']"
165ZgPlLkK7bf5bDoFc6Sb,Limp Bizkit,"['alternative metal', 'funk metal', 'nu metal', 'post-grunge', 'rap metal', 'rock']"
4x1nvY2FN8jxqAFA0DA02H,John Lennon,"['classic rock', 'rock']"
3TOqt5oJwL9BE2NG9MEwDa,Disturbed,"['alternative metal', 'nu metal', 'rap metal', 'rock']"
22WZ7M8sxp5THdruNY3gXt,The Doors,"['acid rock', 'album rock', 'classic rock', 'hard rock', 'psychedelic rock', 'rock']"
4KWTAlx2RvbpseOGMEmROg,R.E.M.,"['alternative rock', 'athens indie', 'permanent wave', 'rock']"
27T030eWyCQRmDyuvr1kxY,Scorpions,"['album rock', 'german hard rock', 'german metal', 'german rock', 'hard rock', 'rock']"
2Kx7MNY7cI1ENniW7vT30N,Norah Jones,"['contemporary vocal jazz', 'jazz pop', 'vocal jazz']"
40Yq4vzPs9VNUrIBG5Jr2i,The Smashing Pumpkins,"['alternative metal', 'alternative rock', 'grunge', 'permanent wave', 'rock', 'spacegrunge']"
49bzE5vRBRIota4qeHtQM8,Skillet,"['alternative metal', 'christian alternative rock', 'christian music', 'christian rock']"
4QQgXkCYTt3BlENzhyNETg,"Earth, Wind & Fire","['disco', 'funk', 'jazz funk', 'soul']"
3jOstUTkEu2JkjvRdBA5Gu,Weezer,"['alternative rock', 'modern power pop', 'modern rock', 'permanent wave', 'rock']"
3o2dn2O0FCVsWDFSh8qxgG,Sabaton,"['power metal', 'swedish metal', 'swedish power metal']"
3FUY2gzHeIiaesXtOAdB7A,Train,"['dance pop', 'neo mellow', 'pop', 'pop rock']"
2y8Jo9CKhJvtfeKOsYzRdT,Rod Stewart,"['mellow gold', 'soft rock']"
4bthk9UfsYUYdcFyqxmSUU,Tears For Fears,"['new romantic', 'new wave', 'new wave pop', 'permanent wave', 'rock', 'sophisti-pop', 'synthpop']"
0PFtn5NtBbbUNbU9EAmIWF,TOTO,"['album rock', 'classic rock', 'hard rock', 'mellow gold', 'rock', 'soft rock', 'yacht rock']"
5EvFsr3kj42KNv97ZEnqij,Shaggy,"['pop rap', 'reggae fusion']"
1on7ZQ2pvgeQF4vmIA09x5,Charlie Brown Jr.,"['brazilian rock', 'hard rock brasileiro', 'rock alternativo brasileiro', 'rock nacional brasileiro']"
4U7lXyKdSf1JbM1aXvsodC,La Oreja de Van Gogh,"['latin arena pop', 'latin pop', 'mexican pop', 'spanish pop', 'spanish pop rock']"
5yxyJsFanEAuwSM5kOuZKc,London Symphony Orchestra,"['british orchestra', 'classical', 'orchestra']"
3koiLjNrgRTNbOwViDipeA,Marvin Gaye,"['classic soul', 'motown', 'neo soul', 'northern soul', 'quiet storm', 'soul']"
19ra5tSw0tWufvUp8GotLo,George Michael,['new wave pop']
4yiQZ8tQPux8cPriYMWUFP,Gwen Stefani,"['dance pop', 'pop']"
0NbfKEOTQCcwd6o7wSDOHI,The Game,"['detroit hip hop', 'gangster rap', 'hip hop', 'pop rap', 'rap', 'southern hip hop', 'trap']"
3oDbviiivRWhXwIE8hxkVV,The Beach Boys,"['baroque pop', 'classic rock', 'folk rock', 'mellow gold', 'psychedelic rock', 'rock', 'sunshine pop']"
0rvjqX7ttXeg3mTy8Xscbt,Journey,"['album rock', 'classic rock', 'hard rock', 'heartland rock', 'mellow gold', 'rock', 'soft rock']"
32vWCbZh0xZ4o9gkz4PsEU,Dolly Parton,"['classic country pop', 'country', 'country dawn']"
5ENS85nZShljwNgg4wFD7D,Gabry Ponte,"['eurodance', 'italo dance', 'slap house']"
2kXKa3aAFngGz2P4GjG5w2,SCH,"['french hip hop', 'pop urbaine', 'rap francais', 'rap marseille']"
2wOqMjp9TyABvtHdOSOTUS,Ludwig van Beethoven,"['classical', 'classical era', 'early romantic era', 'german romanticism']"
2elBjNSdBE2Y3f0j1mjrql,Jay Chou,"['c-pop', 'mandopop', 'taiwan pop', 'zhongguo feng']"
59wfkuBoNyhDMQGCljbUbA,Diddy,"['dance pop', 'east coast hip hop', 'hip hop', 'hip pop', 'pop rap', 'rap']"
0GgyFUpOyzWDRDqx8FCTDN,Baby Rasta,"['reggaeton', 'trap latino', 'urbano latino']"
5e4Dhzv426EvQe3aDb64jL,Shania Twain,"['canadian country', 'canadian pop', 'contemporary country', 'country', 'country dawn']"
3SgHzT552wy2W8pNLaLk24,Hillsong Worship,"['ccm', 'christian music', 'world worship', 'worship']"
5vngPClqofybhPERIqQMYd,George Strait,"['contemporary country', 'country', 'country road']"
6uRJnvQ3f8whVnmeoecv5Z,Berliner Philharmoniker,"['classical', 'classical performance', 'german orchestra', 'orchestra']"
3OLGltG8UPIea8sA4w0yg0,Rahat Fateh Ali Khan,"['classic pakistani pop', 'filmi', 'modern bollywood', 'qawwali', 'sufi']"
0GF4shudTAFv8ak9eWdd4Y,Kishore Kumar,"['classic bollywood', 'filmi']"
4xd7mLI7urqrxELaXhAvzw,Shekhar Ravjiani,"['filmi', 'modern bollywood']"
014WIDx7H4BRCHB1faiisK,Los Tucanes De Tijuana,"['banda', 'corrido', 'musica bajacaliforniana', 'musica mexicana', 'norteno', 'sierreno']"
108moq3rq6bm1M4Ypz0J02,Intocable,"['banda', 'musica mexicana', 'norteno', 'tejano']"
3YbOSxo85kla7RID8ugnW3,Los Temerarios,"['grupera', 'musica mexicana']"
2IUtwMti1OiT3lkW6RubgH,K. S. Chithra,['filmi']
61qDotnjM0jnY5lkfOP7ve,TKKG,"['hoerspiel', 'kleine hoerspiel']"
3eDT9fwXKuHWFvgZaaYC5v,Sunidhi Chauhan,"['filmi', 'modern bollywood']"
1l6d0RIxTL3JytlLGvWzYe,Benjamin Blümchen,"['hoerspiel', 'kindermusik', 'kleine hoerspiel']"
2d0hyoQ5ynDBnkvAbJKORj,Rage Against The Machine,"['alternative metal', 'alternative rock', 'conscious hip hop', 'funk metal', 'hard rock', 'nu metal', 'political hip hop', 'post-grunge', 'rap metal', 'rap rock', 'rock']"
4F84IBURUo98rz4r61KF70,The White Stripes,"['alternative rock', 'blues rock', 'detroit rock', 'garage rock', 'modern blues rock', 'permanent wave', 'punk blues', 'rock']"
4MVyzYMgTwdP7Z49wAZHx0,Lynyrd Skynyrd,"['album rock', 'classic rock', 'hard rock', 'rock', 'southern rock']"
2mpeljBig2IXLXRAFO9AAs,Dido,"['dance pop', 'europop', 'lilith', 'neo mellow', 'pop rock']"
6PAt558ZEZl0DmdXlnjMgD,Eric Clapton,"['album rock', 'blues rock', 'classic rock', 'electric blues', 'mellow gold', 'rock', 'singer-songwriter', 'soft rock']"
74ASZWbe4lXaubB36ztrGX,Bob Dylan,"['classic rock', 'country rock', 'folk', 'folk rock', 'rock', 'roots rock', 'singer-songwriter']"
1ThoqLcyIYvZn7iWbj8fsj,Bill Withers,"['classic soul', 'funk', 'quiet storm', 'soul']"
19eLuQmk9aCobbVDHc6eek,Louis Armstrong,"['adult standards', 'dixieland', 'harlem renaissance', 'jazz trumpet', 'new orleans jazz', 'soul', 'swing', 'vocal jazz']"
6uothxMWeLWIhsGeF7cyo4,Enya,"['celtic', 'gregorian dance', 'operatic pop']"
4RddZ3iHvSpGV4dvATac9X,Papa Roach,"['alternative metal', 'nu metal', 'rap metal', 'rap rock', 'rock']"
6ZLTlhejhndI4Rh53vYhrY,Ozzy Osbourne,"['album rock', 'alternative metal', 'birmingham metal', 'classic rock', 'glam metal', 'hard rock', 'metal', 'rock']"
2jzc5TC5TVFLXQlBNiIUzE,a-ha,"['new romantic', 'new wave', 'new wave pop', 'permanent wave', 'synthpop']"
0cc6vw3VN8YlIcvr1v7tBL,Mötley Crüe,"['album rock', 'alternative metal', 'glam metal', 'hard rock', 'metal', 'rock', 'sleaze rock']"
64tNsm6TnZe2zpcMVMOoHL,Alice In Chains,"['alternative metal', 'alternative rock', 'grunge', 'hard rock', 'nu metal', 'rock']"
5V0MlUE1Bft0mbLlND7FJz,Ella Fitzgerald,"['adult standards', 'jazz', 'jazz blues', 'soul', 'swing', 'vocal jazz']"
47zz7sob9NUcODy0BTDvKx,Sade,"['british soul', 'sophisti-pop']"
7aBzpmFXB4WWpPl2F7RjBe,Wyclef Jean,['rap kreyol']
2QOIawHpSlOwXDvSqQ9YJR,Antonio Vivaldi,"['baroque', 'classical', 'early music', 'italian baroque']"
70cRZdQywnSFp9pnc2WTCE,Simon & Garfunkel,"['classic rock', 'folk', 'folk rock', 'melancholia', 'mellow gold', 'rock', 'soft rock']"
2HcwFjNelS49kFbfvMxQYw,Robbie Williams,"['dance rock', 'europop']"
7bPs6jf983f0bjRAt1yxDM,Patrick Watson,"['indie folk', 'indie quebecois']"
1YfEcTuGvBQ8xSD1f53UnK,Busta Rhymes,"['east coast hip hop', 'hardcore hip hop', 'hip hop', 'pop rap', 'rap']"
4STHEaNw4mPZ2tzheohgXB,Paul McCartney,"['classic rock', 'mellow gold', 'rock', 'soft rock']"
4TK1gDgb7QKoPFlzRrBRgR,Los Enanitos Verdes,"['argentine rock', 'latin alternative', 'latin pop', 'latin rock', 'mexican pop', 'rock en espanol', 'ska argentino']"
60uh2KYYSCqAgJNxcU4DA0,Hombres G,"['latin alternative', 'latin pop', 'mexican pop', 'rock en espanol', 'spanish rock']"
4MXUO7sVCaFgFjoTI5ox5c,Sufjan Stevens,"['art pop', 'baroque pop', 'chamber pop', 'indie pop', 'indie rock', 'singer-songwriter']"
5a2EaR3hamoenG9rDuVn8j,Prince,"['funk', 'funk rock', 'minneapolis sound', 'rock', 'synth funk']"
54R6Y0I7jGUCveDTtI21nb,Boney M.,['europop']
5W5bDNCqJ1jbCgTxDD0Cb3,Willie Nelson,"['classic country pop', 'classic texas country', 'country', 'country rock', 'nashville sound', 'outlaw country', 'singer-songwriter']"
44NX2ffIYHr6D4n7RaZF7A,Van Morrison,"['classic rock', 'folk', 'folk rock', 'heartland rock', 'mellow gold', 'rock', 'singer-songwriter', 'soft rock']"
2Mu5NfyYm8n5iTomuKAEHl,Ms. Lauryn Hill,"['alternative r&b', 'conscious hip hop', 'hip hop', 'neo soul', 'new jersey rap', 'r&b', 'soul']"
7sfl4Xt5KmfyDs2T3SVSMK,Lil Jon,"['atl hip hop', 'crunk', 'dance pop', 'dirty south rap', 'old school atlanta hip hop', 'pop rap', 'southern hip hop', 'trap']"
1JbemQ1fPt2YmSLjAFhPBv,Chayanne,"['latin pop', 'puerto rican pop']"
4mxWe1mtYIYfP040G38yvS,Alan Jackson,['country']
1Y8cdNmUJH7yBTd9yOvr5i,Destiny's Child,"['dance pop', 'girl group', 'pop', 'r&b', 'urban contemporary']"
0VKh7CQDi9MkUvaBMoK1V0,Bronco,"['grupera', 'gruperas inmortales', 'musica mexicana', 'norteno', 'ranchera']"
41ESHLayJ5sDKjAOv6cMhe,Ana Gabriel,"['latin pop', 'mariachi', 'ranchera']"
4cPHsZM98sKzmV26wlwD2W,Brenda Lee,"['adult standards', 'lounge', 'rockabilly']"
5rkVyNGXEgeUqKkB5ccK83,Ashanti,"['dance pop', 'hip pop', 'r&b', 'urban contemporary']"
4sj6D0zlMOl25nprDJBiU9,Andy Williams,"['adult standards', 'easy listening']"
29SeiO68HQHBs7pDdWOvvX,Jesús Adrián Romero,"['latin christian', 'rock cristiano']"
5JXhkyafynxCvxtov7C1PV,Bruno & Marrone,"['sertanejo', 'sertanejo pop', 'sertanejo universitario']"
4VmEWwd8y9MCLwexFMdpwt,Method Man,"['east coast hip hop', 'hardcore hip hop', 'hip hop']"
64d1rUxfizSAOE9UbMnUZd,Sezen Aksu,['turkish pop']
5VVN3xZw1i2qihfITZlvCZ,G. V. Prakash,"['kollywood', 'tamil pop']"
6AcOTCYBMvjKYy4zms0kaC,Banda El Recodo,"['banda', 'banda sinaloense', 'musica mexicana', 'norteno']"
5sSzCxHtgL82pYDvx2QyEU,Devi Sri Prasad,['tollywood']
2NoJ7NuNs9nyj8Thoh1kbu,Hariharan,"['filmi', 'ghazal']"
0LSPREIgGMZXCuKVel7LVD,Karthik,['filmi']
29aw5YCdIw2FEXYyAJZI8l,Harris Jayaraj,['filmi']
2RTUTCvo6onsAnheUk3aL9,3 Doors Down,"['alternative metal', 'nu metal', 'post-grunge', 'rock']"
7mnBLXK823vNxN3UWB7Gfz,The Black Keys,"['alternative rock', 'blues rock', 'garage rock', 'indie rock', 'indietronica', 'modern blues rock', 'modern rock', 'punk blues', 'rock', 'roots rock']"
2VYQTNDsvvKN9wmU5W7xpj,Marilyn Manson,"['alternative metal', 'hard rock', 'industrial', 'industrial metal', 'industrial rock', 'nu metal', 'post-grunge', 'rock']"
6GI52t8N5F02MxU0g5U69P,Santana,"['blues rock', 'classic rock', 'mexican classic rock']"
7jefIIksOi1EazgRTfW2Pk,Electric Light Orchestra,"['album rock', 'art rock', 'beatlesque', 'classic rock', 'glam rock', 'mellow gold', 'rock', 'soft rock', 'symphonic rock']"
776Uo845nYHJpNaStv1Ds4,Jimi Hendrix,"['acid rock', 'album rock', 'alternative rock', 'classic rock', 'hard rock', 'proto-metal', 'psychedelic rock', 'rock']"
0qT79UgT5tY4yudH9VfsdT,Sum 41,"['alternative metal', 'canadian pop punk', 'canadian punk', 'modern rock', 'pop punk', 'post-grunge', 'punk', 'rock']"
3y24n3XhZ96wgwRXjvS17T,Coolio,"['g funk', 'gangster rap', 'hip hop', 'west coast rap']"
1Yox196W7bzVNZI7RBaPnf,Megadeth,"['alternative metal', 'hard rock', 'melodic thrash', 'metal', 'old school thrash', 'rock', 'speed metal', 'thrash metal']"
3RGLhK1IP9jnYFH4BRFJBS,The Clash,"['alternative rock', 'permanent wave', 'punk', 'rock']"
60df5JBRRPcnSpsIMxxwQm,Otis Redding,"['classic soul', 'memphis soul', 'soul', 'soul blues', 'southern soul', 'vocal jazz']"
0Ty63ceoRnnJKVEYP0VQpk,Sting,"['permanent wave', 'soft rock', 'sophisti-pop']"
73jBynjsVtofjRpdpRAJGk,Dimitri Vegas & Like Mike,"['belgian dance', 'belgian edm', 'big room', 'dutch house', 'edm', 'electro house', 'pop dance', 'progressive electro house']"
1QOmebWGB6FdFtW7Bo3F0W,Gustavo Cerati,"['argentine rock', 'latin alternative', 'latin rock', 'rock en espanol']"
1HwM5zlC5qNWhJtM00yXzG,DMX,"['east coast hip hop', 'gangster rap', 'hardcore hip hop', 'hip hop', 'rap']"
6UBA15slIuadJ8h2lPRPos,Tech N9ne,"['detroit hip hop', 'kansas city hip hop', 'pop rap']"
2iE18Oxc8YSumAU232n4rW,The Jackson 5,"['motown', 'soul']"
7nwUJBm0HE4ZxD3f5cy5ok,Aretha Franklin,"['classic soul', 'jazz blues', 'memphis soul', 'neo soul', 'soul', 'southern soul', 'vocal jazz']"
2BTZIqw0ntH9MvilQ3ewNY,Cyndi Lauper,"['dance pop', 'new wave pop', 'permanent wave', 'soft rock']"
3tAICgiSR5PfYY4B8qsoAU,Andrés Calamaro,"['argentine rock', 'cantautor', 'latin alternative', 'latin rock', 'pop argentino', 'rock en espanol']"
1XkoF8ryArs86LZvFOkbyr,Mary J. Blige,"['dance pop', 'hip pop', 'neo soul', 'r&b', 'urban contemporary']"
3EA9hVIzKfFiQI0Kikz2wo,Andrea Bocelli,"['classical tenor', 'italian tenor', 'operatic pop']"
3gMaNLQm7D9MornNILzdSl,Lionel Richie,"['disco', 'soft rock']"
7K78lVZ8XzkjfRSI7570FF,José Feliciano,"['latin pop', 'puerto rican pop']"
5AyEXCtu3xnnsTGCo4RVZh,Duster,['slowcore']
7xeM7V59cA1X8GKyKKQV87,Sin Bandera,"['latin arena pop', 'latin pop', 'mexican pop']"
3MKCzCnpzw3TjUYs2v7vDA,Pyotr Ilyich Tchaikovsky,"['classical', 'late romantic era', 'russian romanticism']"
74cb3MG0x0BOnYNW1uXYnM,Hillsong UNITED,"['ccm', 'christian music', 'world worship', 'worship']"
2e4nwiX8ZCU09LGLOpeqTH,Laura Pausini,"['europop', 'italian adult pop', 'latin arena pop', 'mexican pop']"
5Z1CCuBsyhEHngq3U5IraY,Westlife,['boy band']
4RVnAU35WRWra6OZ3CbbMA,Kylie Minogue,"['australian dance', 'australian pop', 'dance pop', 'eurodance', 'new wave pop']"
2wIVse2owClT7go1WT98tk,Missy Elliott,"['dance pop', 'hip hop', 'hip pop', 'neo soul', 'pop rap', 'r&b', 'rap', 'urban contemporary', 'virginia hip hop']"
2AZOALDIBORfbzKTuliwdJ,Cristian Castro,"['latin arena pop', 'latin pop']"
1Uff91EOsvd99rtAupatMP,Claude Debussy,"['classical', 'impressionism', 'post-romantic era']"
7fAKtXSdNInWAIf0jVUz65,Roberto Carlos,"['jovem guarda', 'mpb']"
7lbSsjYACZHn1MSDXPxNF2,Hikaru Utada,"['anime', 'classic j-pop', 'j-pop', 'japanese singer-songwriter']"
6roFdX1y5BYSbp60OTJWMd,Tim McGraw,"['contemporary country', 'country', 'country road']"
0eVyjRhzZKke2KFYTcDkeu,The Alchemist,"['alternative hip hop', 'drumless hip hop', 'hip hop', 'instrumental hip hop', 'west coast rap']"
3grHWM9bx2E9vwJCdlRv9O,Kenny Chesney,"['contemporary country', 'country', 'country road', 'modern country rock']"
03Yb3iBy9GCifXiATEFcit,Pepe Aguilar,"['banda', 'latin talent show', 'mariachi', 'musica mexicana', 'ranchera']"
23wEWD21D4TPYiJugoXmYb,Thalia,"['latin pop', 'mexican pop']"
2uyweLa0mvPZH6eRzDddeB,Rocío Dúrcal,"['cancion melodica', 'latin pop', 'ranchera']"
6IE6z7DcZIT4Ml3Fh5Ivch,Selena,"['mexican pop', 'tejano']"
2JSYASbWU5Y0fVpts3Eq7g,R. D. Burman,"['chutney', 'classic bollywood', 'filmi']"
5rQoBDKFnd1n6BkdbgVaRL,Guru Randhawa,"['filmi', 'modern bollywood']"
3nFB4eMP5gdqee2eQb8nZb,Conjunto Primavera,"['banda', 'musica chihuahuense', 'musica mexicana', 'norteno']"
5c4wQaXkNDqSOTjqX4ExAu,Jenni Rivera,"['banda', 'mariachi', 'musica mexicana', 'ranchera', 'regional mexicano femenil']"
4W91bbPB2CTSsHwt7eqNl7,Javed Ali,"['desi pop', 'filmi', 'modern bollywood']"
76fuWYgIf3TVIopTs3vaJ6,Amaal Mallik,"['desi pop', 'filmi', 'modern bollywood']"
5UJ2sHO2ELrgW6aXeRLTQQ,Chinmayi,"['filmi', 'marathi pop']"
5vBSrE1xujD2FXYRarbAXc,Olly Alexander (Years & Years),"['dance pop', 'gauze pop', 'pop', 'pop dance', 'uk pop']"
5gznATMVO85ZcLTkE9ULU7,Lenny Kravitz,"['permanent wave', 'rock']"
3OsRAKCvk37zwYcnzRf5XF,Moby,"['downtempo', 'electronica']"
4pejUc4iciQfgdX6OKulQn,Queens of the Stone Age,"['alternative metal', 'alternative rock', 'grunge', 'modern rock', 'palm desert scene', 'rock', 'stoner metal', 'stoner rock']"
7MhMgCo0Bl0Kukl93PZbYS,Blur,"['alternative rock', 'britpop', 'madchester', 'permanent wave', 'rock']"
08F3Y3SctIlsOEmKd6dnH8,Yusuf / Cat Stevens,"['british folk', 'classic rock', 'folk', 'folk rock', 'mellow gold', 'singer-songwriter']"
4W3fa7tiXGVXl3KilbACqt,Gustavo Santaolalla,"['argentine ambient', 'latin classical', 'latin soundtrack', 'orchestral soundtrack', 'soundtrack']"
14pVkFUHDL207LzLHtSA18,Pantera,"['alternative metal', 'groove metal', 'hard rock', 'metal', 'nu metal', 'old school thrash', 'rock', 'texas metal']"
7oPgCQqMMXEXrNau5vxYZP,Tracy Chapman,"['folk', 'lilith', 'singer-songwriter', ""women's music""]"
1Vvvx45Apu6dQqwuZQxtgW,Kidz Bop Kids,"[""children's music""]"
4tpUmLEVLCGFr93o8hFFIB,Blondie,"['candy pop', 'new wave pop', 'permanent wave', 'power pop', 'rock', 'synthpop']"
4uqzzJg3ww5eH7IgGV7DMT,Bunbury,"['latin alternative', 'latin rock', 'mexican rock', 'rock en espanol']"
7EK1bQADBoqbYXnT4Cqv9w,John Denver,"['classic country pop', 'folk', 'folk rock', 'mellow gold', 'singer-songwriter', 'soft rock']"
3crnzLy8R4lVwaigKEOz7V,E-40,"['cali rap', 'hyphy', 'oakland hip hop', 'west coast rap']"
4etuCZVdP8yiNPn4xf0ie5,Julio Iglesias,['latin pop']
7x5Slu7yTE5icZjNsc3OzW,Willie Colón,"['salsa', 'tropical']"
2F9pvj94b52wGKs0OqiNi2,Babasónicos,"['argentine rock', 'electronica argentina', 'latin alternative', 'latin rock', 'pop electronico', 'rock en espanol']"
1GImnM7WYVp95431ypofy9,Caifanes,"['latin alternative', 'latin rock', 'mexican rock', 'nu-cumbia', 'rock en espanol', 'rock urbano mexicano']"
1zng9JZpblpk48IPceRWs8,Grupo Niche,"['salsa', 'salsa colombiana', 'tropical']"
4tw2Lmn9tTPUv7Gy7mVPI4,Kenny Rogers,"['classic country pop', 'country', 'nashville sound']"
7mWCSSOYqm4E9mB7V4ot6S,Miguel Bosé,"['latin pop', 'mexican pop']"
61J0BktHv7PuP3tjTPYXSX,Eros Ramazzotti,"['italian adult pop', 'mexican pop']"
2OHKEe204spO7G7NcbeO2o,Ñejo,"['reggaeton', 'urbano latino']"
4NEYQeEYBUjfaXgDQGvFvu,Franco De Vita,"['latin arena pop', 'latin pop']"
4BoRxUdrcgbbq1rxJvvhg9,Olivia Newton-John,"['adult standards', 'australian dance', 'disco', 'mellow gold', 'soft rock']"
1eEfMU2AhEo7XnKgL7c304,Carpenters,"['adult standards', 'mellow gold', 'soft rock']"
6qhOH2mrlqUDod9sWA5kR2,Leo Dan,"['bolero', 'cancion melodica', 'latin pop', 'ranchera']"
08Ld63UgKrJ0nZnCkzHtzc,Project Pat,"['crunk', 'dirty south rap', 'gangster rap', 'memphis hip hop', 'trap']"
0MvSBMGRQJY3mRwIbJsqF1,Royal Philharmonic Orchestra,"['british orchestra', 'orchestra']"
3r17AfJCCUqC9Lf0OAc73G,Fergie,"['dance pop', 'pop']"
1J2VVASYAamtQ3Bt8wGgA6,Ja Rule,"['dance pop', 'east coast hip hop', 'gangster rap', 'hip hop', 'hip pop', 'pop rap', 'queens hip hop', 'rap', 'urban contemporary']"
6gEzJZrbm0F4ihvE9iXR9z,Péricles,"['pagode', 'pagode novo']"
27vNK840zYq6IfDijHPsv1,Gilberto Santa Rosa,"['salsa', 'salsa puertorriquena', 'tropical']"
7LnaAXbDVIL75IVPnndf7w,Jamie Foxx,"['contemporary r&b', 'hip pop', 'r&b', 'southern hip hop', 'trap', 'urban contemporary']"
4uoz4FUMvpeyGClFTTDBsD,Ricardo Montaner,['latin pop']
2NdeV5rLm47xAvogXrYhJX,Ciara,"['dance pop', 'hip pop', 'pop', 'r&b', 'urban contemporary']"
2yQf6b8hxahZaT5dHlWaB1,Raekwon,"['east coast hip hop', 'hardcore hip hop']"
2LhsePRtgCo4THVKULQBL7,L.V.,[]
0a1gHP0HAqALbEyxaD5Ngn,Rascal Flatts,"['contemporary country', 'country', 'country road']"
3CAhiUHkUYT1mFtVHM9SHA,Valentín Elizalde,"['banda', 'corrido', 'musica mexicana', 'musica sonorense', 'norteno', 'sierreno']"
5as8A4G47Ohu9NSWs3Je8U,Asha Bhosle,"['chutney', 'classic bollywood', 'filmi']"
0PN0fbe41KbuzlRYnoajNm,Antonio Aguilar,"['mariachi', 'musica mexicana', 'norteno', 'ranchera']"
1iIxNEvPPmdFIIP0tdpw6G,Los Cadetes De Linares,"['banda', 'corridos clasicos', 'musica mexicana', 'norteno']"
5LhTec3c7dcqBvpLRWbMcf,Madlib,"['abstract hip hop', 'alternative hip hop', 'hip hop', 'instrumental hip hop', 'psychedelic hip hop']"
7u9m43vPVTERaALXXOzrRq,Chalino Sanchez,"['banda', 'corrido', 'corridos clasicos', 'musica mexicana', 'norteno', 'sierreno']"
44WCHvwXBOMz6nm7Mu2ReO,Grupo Bryndis,"['banda', 'grupera', 'gruperas inmortales', 'grupero romantico', 'musica mexicana', 'norteno']"
5CGtBYmVPeLhI1kM2Fn9Gv,Los Invasores De Nuevo León,"['banda', 'musica mexicana', 'norteno']"
5Xpg6PBSUOoho2lI9qLjiu,S. Janaki,"['classic kollywood', 'filmi']"
2wPsNCwhEGb0KvChZ5DD52,K. J. Yesudas,"['filmi', 'mollywood']"
0L5GV6LN8SWWUWIdBbTLTZ,Shankar-Ehsaan-Loy,"['filmi', 'modern bollywood']"
1bs7HoMkSyQwcobCpE9KpN,The Mamas & The Papas,"['classic rock', 'folk', 'folk rock', 'mellow gold', 'psychedelic rock', 'rock', 'soft rock', 'sunshine pop']"
3CkvROUTQ6nRi9yQOcsB50,Genesis,"['album rock', 'art rock', 'classic rock', 'hard rock', 'mellow gold', 'progressive rock', 'rock', 'soft rock', 'symphonic rock']"
4P0dddbxPil35MNN9G2MEX,Cypress Hill,"['chicano rap', 'gangster rap', 'hip hop', 'rap rock', 'west coast rap']"
34EP7KEpOjXcM2TCat1ISk,Wu-Tang Clan,"['east coast hip hop', 'gangster rap', 'hardcore hip hop', 'hip hop', 'rap']"
67ea9eGLXYMsO2eYQRui3w,The Who,"['album rock', 'british invasion', 'classic rock', 'hard rock', 'rock']"
09xj0S68Y1OU1vHMCZAIvz,Café Tacvba,"['latin alternative', 'latin pop', 'latin rock', 'mexican rock', 'rock en espanol']"
3YcBF2ttyueytpXtEzn1Za,Incubus,"['alternative metal', 'alternative rock', 'funk metal', 'funk rock', 'nu metal', 'post-grunge', 'rock']"
1OAjDaKgg00KCUYqDe68un,Gigi D'Agostino,"['eurodance', 'italo dance']"
0NKDgy9j66h3DLnN8qu1bB,Eurythmics,"['dance rock', 'new romantic', 'new wave', 'new wave pop', 'soft rock', 'sophisti-pop', 'synthpop']"
5ZNxiPcbKgaNcBrERMpqeu,Mägo de Oz,"['celtic metal', 'latin rock', 'medieval rock', 'rock en espanol', 'spanish folk metal', 'spanish metal']"
3rIZMv9rysU7JkLzEaC5Jp,Snow Patrol,"['irish rock', 'modern rock', 'neo mellow', 'permanent wave', 'pop rock']"
293zczrfYafIItmnmM3coR,Chuck Berry,"['blues', 'blues rock', 'classic rock', 'rock', 'rock-and-roll', 'rockabilly', 'soul']"
7G1GBhoKtEPnP86X2PvEYO,Nina Simone,"['jazz blues', 'neo soul', 'soul', 'soul jazz', 'torch song', 'vocal jazz']"
5YFS41yoX0YuFY39fq21oN,Bob Sinclar,"['disco house', 'filter house']"
7nzSoJISlVJsn7O0yTeMOB,Joe Hisaishi,"['anime', 'anime score', 'japanese classical', 'japanese soundtrack', 'orchestral soundtrack']"
0vEsuISMWAKNctLlUAhSZC,Counting Crows,"['neo mellow', 'pop rock', 'post-grunge', 'rock']"
6hnWRPzGGKiapVX1UCdEAC,Sam Cooke,"['classic soul', 'soul', 'vocal jazz']"
69MEO1AADKg1IZrq2XLzo5,UB40,"['reggae fusion', 'uk reggae']"
0lZoBs4Pzo7R89JM9lxwoT,Duran Duran,"['album rock', 'dance rock', 'new romantic', 'new wave', 'new wave pop', 'rock', 'soft rock', 'synthpop']"
0iOVhN3tnSvgDbcg25JoJb,Etta James,"['jazz blues', 'soul', 'soul blues', 'torch song', 'vocal jazz']"
2UZMlIwnkgAEDBsw1Rejkn,Tom Petty,"['album rock', 'classic rock', 'hard rock', 'heartland rock', 'mellow gold', 'rock', 'singer-songwriter', 'soft rock']"
3HrbmsYpKjWH1lzhad7alj,Los Auténticos Decadentes,"['argentine rock', 'latin alternative', 'latin rock', 'rock en espanol', 'ska argentino']"
39T6qqI0jDtSWWioX8eGJz,The Doobie Brothers,"['album rock', 'classic rock', 'country rock', 'folk rock', 'heartland rock', 'mellow gold', 'rock', 'singer-songwriter', 'soft rock', 'yacht rock']"
5Dl3HXZjG6ZOWT5cV375lk,Yo-Yo Ma,"['chamber ensemble', 'classical cello', 'classical performance']"
4xXCRXOfQKQ2gjWxNhNzYW,Air Supply,['soft rock']
2CvCyf1gEVhI0mX6aFXmVI,Paul Simon,"['classic rock', 'folk', 'folk rock', 'mellow gold', 'permanent wave', 'rock', 'singer-songwriter', 'soft rock']"
1zuJe6b1roixEKMOtyrEak,Tina Turner,['soft rock']
5K0rbdBrs2tNXe5LeWMATT,Bootsy Collins,"['funk', 'p funk', 'soul']"
0uq5PttqEjj3IH1bzwcrXF,Spice Girls,"['dance pop', 'girl group', 'pop']"
7mEIug7XUlQHikrFxjTWes,Neil Diamond,"['adult standards', 'brill building pop', 'folk rock', 'heartland rock', 'mellow gold', 'singer-songwriter', 'soft rock', 'yacht rock']"
6Ff53KvcvAj5U7Z1vojB5o,*NSYNC,"['boy band', 'dance pop', 'pop']"
4aeIWo5CMF1uRmqgJdwkZW,Joaquín Sabina,"['cantautor', 'spanish pop', 'trova']"
2w9zwq3AktTeYYMuhMjju8,INNA,"['dance pop', 'romanian house', 'romanian pop']"
3Y3xIwWyq5wnNHPp5gPjOW,Kenny Loggins,"['album rock', 'classic rock', 'heartland rock', 'mellow gold', 'new wave pop', 'singer-songwriter', 'soft rock', 'yacht rock']"
0vn7UBvSQECKJm2817Yf1P,James Taylor,"['classic rock', 'folk', 'folk rock', 'heartland rock', 'mellow gold', 'singer-songwriter', 'soft rock']"
72OaDtakiy6yFqkt4TsiFt,Cher,"['dance pop', 'pop']"
0TImkz4nPqjegtVSMZnMRq,TLC,"['atl hip hop', 'contemporary r&b', 'dance pop', 'girl group', 'hip pop', 'r&b', 'urban contemporary']"
7yQrcdkLdBAkV7yY9fF2Hw,Grupo Revelação,"['pagode', 'pagode novo']"
003f4bk13c6Q3gAUXv7dGJ,Wiener Philharmoniker,"['austrian orchestra', 'classical', 'classical performance', 'orchestra']"
2bA6fzP0lMAQ4kz6CF61w8,Toby Keith,"['classic oklahoma country', 'contemporary country', 'country', 'country road']"
5zCaQxjl110XTrm4LQ1CxY,Herbert von Karajan,"['classical', 'classical performance', 'orchestral performance']"
2DmYtFBKcxb3ajwWWgA576,Emmanuel,"['latin pop', 'mexican pop', 'ranchera']"
5v8jlSmAQfrkTjAlpUfWtu,Perry Como,"['adult standards', 'easy listening', 'lounge']"
0gXDpqwYNDODn7fB0RDN8J,Mohammed Rafi,"['classic bollywood', 'filmi']"
50NoVNy9GU1lCrDV8iGpyu,Ol' Dirty Bastard,"['east coast hip hop', 'hardcore hip hop', 'hip hop']"
19MVxKZZdPj2X0F8pi0OCT,Sukhwinder Singh,"['filmi', 'modern bollywood']"
0MHgLfmQdutffmvWe5XBTN,Burl Ives,['american folk revival']
1hD52edfn6aNsK3fb5c2OT,Fünf Freunde,"['hoerspiel', 'kleine hoerspiel']"
5cB4d4jPYjMT326sjihQ4m,Shaan,"['filmi', 'modern bollywood']"
1HGMG8RHvcu1mfdM9MeTek,Sadhana Sargam,"['classic bollywood', 'filmi', 'hare krishna']"
1eYhYunlNJlDoQhtYBvPsi,Ray Charles,"['classic soul', 'jazz blues', 'piano blues', 'soul', 'soul blues', 'vocal jazz']"
568ZhdwyaiCyOGJRtNYhWf,Deep Purple,"['album rock', 'classic rock', 'hard rock', 'metal', 'rock']"
2tRsMl4eGxwoNabM08Dm4I,Judas Priest,"['album rock', 'alternative metal', 'birmingham metal', 'glam metal', 'hard rock', 'metal', 'rock']"
0cQbJU1aAzvbEmTuljWLlF,No Doubt,"['dance pop', 'dance rock', 'permanent wave', 'pop rock', 'rock']"
5B6H1Dq77AV1LZWrbNsuH5,Jarabe De Palo,"['latin alternative', 'latin rock', 'rock en espanol', 'spanish pop', 'spanish rock']"
3VNITwohbvU5Wuy5PC6dsI,Kool & The Gang,"['disco', 'funk', 'motown', 'soft rock', 'soul']"
459INk8vcC0ebEef82WjIK,Erik Satie,"['classical', 'early avant garde', 'early modern classical', 'impressionism', 'post-romantic era']"
6O2zJ0tId7g07yzHtX0yap,Mobb Deep,"['east coast hip hop', 'hardcore hip hop', 'hip hop', 'queens hip hop']"
43sZBwHjahUvgbx1WNIkIz,Creed,"['alternative metal', 'nu metal', 'post-grunge']"
2FS22haX3FYbyOsUAkuYqZ,Los Fabulosos Cadillacs,"['argentine rock', 'latin alternative', 'latin rock', 'rock en espanol', 'ska', 'ska argentino']"
3OKg7YbOIatODzkRIbLJR4,TheFatRat,['speedrun']
09hVIj6vWgoCDtT03h8ZCa,A Tribe Called Quest,"['conscious hip hop', 'east coast hip hop', 'golden age hip hop', 'hip hop', 'jazz rap', 'queens hip hop']"
6BrvowZBreEkXzJQMpL174,Hardwell,"['big room', 'dutch house', 'edm', 'electro house', 'pop dance', 'progressive electro house', 'progressive house']"
7IfculRW2WXyzNQ8djX8WX,Erykah Badu,"['afrofuturism', 'alternative r&b', 'neo soul', 'r&b']"
1l2ekx5skC4gJH8djERwh1,Don Diablo,"['dutch house', 'edm', 'electro house', 'future house', 'pop dance', 'progressive electro house']"
2ycnb8Er79LoH2AsR5ldjh,Pet Shop Boys,"['dance rock', 'new romantic', 'new wave', 'new wave pop', 'permanent wave', 'synthpop']"
79bxUQsBIXO8nVLB9fYKf7,Modern Talking,"['europop', 'synthpop']"
6gZq1Q6bdOxsUPUG1TaFbF,Godsmack,"['alternative metal', 'nu metal', 'post-grunge', 'rap metal']"
7FIoB5PHdrMZVC3q2HE5MS,George Harrison,"['album rock', 'classic rock', 'folk rock', 'mellow gold', 'rock', 'singer-songwriter', 'soft rock']"
7HGNYPmbDrMkylWqeFCOIQ,Caetano Veloso,"['bossa nova', 'mpb', 'samba de roda', 'tropicalia']"
4C4kpaAdp6aKSkguw40SsU,Skank,"['brazilian rock', 'latin alternative', 'manguebeat', 'mpb', 'pop rock brasileiro', 'rock mineiro', 'rock nacional brasileiro']"
7wCjDgV6nqBsHguQXPAaIM,Waylon Jennings,"['classic texas country', 'country', 'outlaw country']"
2lolQgalUvZDfp5vvVtTYV,Tony Bennett,"['adult standards', 'easy listening', 'lounge', 'vocal jazz']"
6P7H3ai06vU1sGvdpBwDmE,Steely Dan,"['album rock', 'classic rock', 'country rock', 'folk rock', 'mellow gold', 'rock', 'soft rock', 'yacht rock']"
3ScY9CQxNLQei8Umvpx5g6,Fat Joe,"['bronx hip hop', 'east coast hip hop', 'gangster rap', 'hardcore hip hop', 'hip hop', 'pop rap', 'rap', 'trap']"
0urTpYCsixqZwgNTkPJOJ4,Aaliyah,"['contemporary r&b', 'dance pop', 'hip pop', 'r&b', 'urban contemporary']"
7i9j813KFoSBMldGqlh2Z1,Riton,"['house', 'pop dance', 'uk dance']"
2QcZxAgcs2I1q7CtCkl6MI,Eason Chan,"['c-pop', 'cantopop', 'mandopop']"
1vfezMIyCr4XUdYRaKIKi3,Keyshia Cole,"['hip pop', 'r&b', 'urban contemporary']"
5wTAi7QkpP6kp8a54lmTOq,Johannes Brahms,"['classical', 'german romanticism', 'late romantic era']"
77CaCn32H4mOMQA7UElzfF,Academy of St. Martin in the Fields,"['british orchestra', 'chamber orchestra', 'classical', 'classical performance']"
1d6dwipPrsFSJVmFTTdFSS,Paulina Rubio,"['latin arena pop', 'latin pop', 'mexican pop']"
6FD0unjzGQhX3b6eMccMJe,Ghostface Killah,"['east coast hip hop', 'hardcore hip hop']"
4tX2TplrkIP4v05BNC903e,Tom Petty and the Heartbreakers,"['album rock', 'classic rock', 'hard rock', 'heartland rock', 'mellow gold', 'rock', 'singer-songwriter', 'soft rock']"
6Ha4aES39QiVjR0L2lwuwq,Yo Gotti,"['dirty south rap', 'gangster rap', 'memphis hip hop', 'rap', 'southern hip hop', 'tennessee hip hop', 'trap']"
15ClyGUe5g2vllncIC4tp6,Pradeep Kumar,['tamil pop']
4d3yvTptO48nOYTPBcPFZC,Eve,"['contemporary r&b', 'dance pop', 'hip pop', 'philly rap', 'r&b', 'urban contemporary']"
73c2MjCAFNyKYIs7nBlqG2,Marisela,"['latin pop', 'ranchera']"
7Hf9AwMO37bSdxHb0FBGmO,Alejandra Guzman,"['latin arena pop', 'latin pop', 'mexican pop']"
4dyYjqmYDjegbB3F2mbvcT,Zezé Di Camargo & Luciano,"['sertanejo', 'sertanejo tradicional', 'sertanejo universitario']"
3zhijRRIZX2B6G2T7vJl9p,Mijares,"['latin pop', 'mexican pop']"
5Hn84AFwiTEi8eMoI5B9AS,Silambarasan TR,"['filmi', 'tamil pop']"
2JEjaa7hWhE1BbL3OcoeFR,Sujatha,"['filmi', 'malayalam pop']"
2mxe0TnaNL039ysAj51xPQ,R. Kelly,[]
0pgvlX0BkfmeirXTDiNmya,Los Inquietos Del Norte,"['banda', 'corrido', 'musica mexicana', 'norteno', 'sierreno']"
4hkB2bR5ek6lJChj6aunCn,Anuradha Paudwal,"['bhajan', 'classic bollywood', 'filmi', 'ghazal', 'hare krishna']"
2ZRrPOjBIWoKK5rHedLijj,Abhijeet,"['filmi', 'modern bollywood']"
6q87vizIEdEN4NvlR6mjfT,Sheila On 7,"['indonesian alternative rock', 'indonesian pop']"
6WPmTGeeoymoVlXVtsCwz7,Kavita Krishnamurthy,"['classic bollywood', 'filmi']"
4YgUVg4p7xtMOrOS4GjiJZ,Jatin-Lalit,"['afghan pop', 'chutney', 'classic bollywood', 'filmi', 'modern bollywood']"
6J7biCazzYhU3gM9j1wfid,Jamiroquai,['dance pop']
13JJKrUewC1CJYmIDXQNoH,El Cuarteto De Nos,"['argentine rock', 'rock uruguayo']"
6RZUqkomCmb8zCRqc9eznB,Placebo,"['alternative rock', 'britpop', 'permanent wave', 'rock']"
74NBPbyyftqJ4SpDZ4c1Ed,Tom Morello,['modern alternative rock']
0X380XXQSNBYuleKzav5UO,Nine Inch Nails,"['alternative metal', 'alternative rock', 'cyberpunk', 'electronic rock', 'industrial', 'industrial metal', 'industrial rock', 'nu metal', 'post-grunge', 'rock']"
6byQKddO1b34lXC2ZEjehQ,Patricio Rey y sus Redonditos de Ricota,"['argentine rock', 'post-punk argentina']"
41qil2VaGbD194gaEcmmyx,Will Smith,"['hip hop', 'pop rap']"
5NNlkZBrBpOJ7C11JwVxIj,PXNDX,"['emo mexicano', 'latin alternative', 'latin rock', 'mexican pop punk', 'mexican rock', 'punk rock mexicano', 'rock en espanol']"
3qAPxVwIQRBuz5ImPUxpZT,Heroes Del Silencio,"['latin alternative', 'latin rock', 'musica aragonesa', 'rock en espanol', 'spanish rock']"
0SD4eZCN4Kr0wQk56hCdh2,Bonnie Tyler,"['europop', 'new wave pop', 'soft rock']"
4GQwgdcDQwqtcHICjUNndp,Sir Simon Rattle,"['classical performance', 'orchestral performance']"
6O74knDqdv3XaWtkII7Xjp,Boyz II Men,"['boy band', 'contemporary r&b', 'new jack swing', 'r&b', 'urban contemporary']"
3pO5VjZ4wOHCMBXOvbMISG,Antônio Carlos Jobim,"['bossa nova', 'brazilian classical', 'brazilian jazz', 'latin classical', 'mpb', 'violao']"
29kkCKKGXheHuoO829FxWK,Boston,"['album rock', 'classic rock', 'glam metal', 'hard rock', 'mellow gold', 'rock', 'soft rock']"
7dOBabd5O4CvKrg4iriHTM,Kid Rock,['nu metal']
3vAaWhdBR38Q02ohXqaNHT,The All-American Rejects,"['alternative metal', 'modern rock', 'neo mellow', 'neon pop punk', 'pop punk', 'pop rock', 'post-grunge']"
0UAfgrYSLcjHNocndTNjhH,Dybbukk,"['sad lo-fi', 'slowed and reverb', 'sped up']"
2hl0xAkS2AIRAu23TVMBG1,Kansas,"['album rock', 'classic rock', 'hard rock', 'heartland rock', 'mellow gold', 'progressive rock', 'rock', 'soft rock']"
5BMgsAFg8rZQc3tqs5BB8G,Mecano,"['cantautor', 'latin alternative', 'latin pop', 'rock en espanol', 'spanish pop', 'spanish pop rock']"
3RwQ26hR2tJtA8F9p2n7jG,The Temptations,"['classic soul', 'memphis soul', 'motown', 'soul']"
34jw2BbxjoYalTp8cJFCPv,Heart,"['album rock', 'classic rock', 'glam metal', 'hard rock', 'heartland rock', 'mellow gold', 'new wave pop', 'rock', 'singer-songwriter', 'soft rock']"
3iMzbvXlgNUpoFccD60bvr,Prezioso,['italo dance']
4TKTii6gnOnUXQHyuo9JaD,Sheryl Crow,"['lilith', 'new wave pop', 'permanent wave', 'pop rock', 'singer-songwriter']"
5spEJXLwD1sKUdC2bnOHPg,Bone Thugs-N-Harmony,"['gangster rap', 'hardcore hip hop', 'hip hop', 'ohio hip hop', 'rap']"
3Ngh2zDBRPEriyxQDAMKd1,Matchbox Twenty,"['neo mellow', 'pop rock', 'post-grunge']"
5xmZKWPhiMa6sD84Efjrh9,kevoxx,['sped up']
5Wg6XnPTp0xXxFCjywwR9I,Eddie Santiago,"['salsa', 'salsa puertorriquena', 'tropical']"
3MdG05syQeRYPPcClLaUGl,Diana Ross,"['adult standards', 'disco', 'motown', 'quiet storm', 'soft rock', 'soul']"
4tujQJicOnuZRLiBFdp3Ou,Xzibit,"['detroit hip hop', 'g funk', 'gangster rap', 'hardcore hip hop', 'hip hop', 'west coast rap']"
0OcclcP5o8VKH2TRqSY2A7,Howard Shore,"['canadian classical', 'canadian soundtrack', 'middle earth', 'orchestral soundtrack', 'scorecore', 'soundtrack']"
0YWxKQj2Go9CGHCp77UOyy,Fabolous,"['gangster rap', 'hip hop', 'pop rap', 'rap', 'trap', 'urban contemporary']"
0vRvGUQVUjytro0xpb26bs,Arizona Zervas,"['indie pop rap', 'pop rap', 'rhode island rap']"
2yMN0IP20GOaN6q0p0zL5k,Tarkan,['turkish pop']
7FY5V3XMwlNBPitEjXowHQ,Darius Rucker,"['black americana', 'contemporary country', 'country', 'country road', 'modern country rock']"
4cMwyqmHCwJjRZ3frIVHTr,Müslüm Gürses,['arabesk']
4dLvccxeQIM5u80Ri0u9OV,Frankie Ruiz,"['salsa', 'salsa puertorriquena', 'tropical']"
7dzq55YG3wjViqexDwiycQ,Ivete Sangalo,"['arrocha', 'axe', 'mpb', 'pagode', 'pop nacional', 'samba reggae', 'sertanejo universitario']"
2JY5qzEozvTdogkDTkkOMf,The Wiggles,"[""australian children's music"", ""children's music""]"
25IG9fa7cbdmCIy3OnuH57,The Chicks,"['contemporary country', 'country', 'country dawn']"
4OgNARLQSC4yy7Dsa5cqxx,Yuri,"['latin pop', 'mexican pop']"
5T2I75UlGBcWd5nVyfmL13,Mika Singh,"['filmi', 'modern bollywood']"
3yHLsTJ9OZ19qwY1Q5BEQJ,Binomio de Oro de América,['vallenato']
7u6LfVyYpEzMpHLL7jTyvU,Dwele,"['neo soul', 'urban contemporary']"
0sSxphmGskGCKlwB9xa6WU,Himesh Reshammiya,"['filmi', 'modern bollywood']"
6pRi6EIPXz4QJEOEsBaA0m,Chris Tomlin,"['ccm', 'christian alternative rock', 'christian music']"
5dmU7FrmtbQaSzIvGsE4Jp,Pancho Barraza,"['banda', 'musica mexicana']"
1QL7yTHrdahRMpvNtn6rI2,George Frideric Handel,"['baroque', 'classical', 'early music', 'english baroque', 'german baroque']"
4BwiodzEp9Hwes5HeFjMVK,Pesado,"['banda', 'musica mexicana', 'norteno']"
1U5zgr455OGyIkLNXvDdrf,Traditional,"['gregorian chant', 'hengelliset laulut', 'puirt-a-beul']"
24z2EWgF5nVUKnbJHd9ku2,Grupo Laberinto,"['cumbia sonorense', 'musica sonorense', 'norteno', 'tecnobanda', 'tejano']"
